{
  "project_info": {
    "project_number": "280485617864",
    "firebase_url": "https://reserchoandroid.firebaseio.com",
    "project_id": "reserchoandroid",
    "storage_bucket": "reserchoandroid.appspot.com"
  },
  "client": [
    {
      "client_info": {
        "mobilesdk_app_id": "1:280485617864:android:ddaca4180fb72760c785fd",
        "android_client_info": {
          "package_name": "com.resercho.android"
        }
      },
      "oauth_client": [
        {
          "client_id": "280485617864-0n4qajmn8692rgr4i5kf1ncn9vtp0k6f.apps.googleusercontent.com",
          "client_type": 1,
          "android_info": {
            "package_name": "com.resercho.android",
            "certificate_hash": "73fd56ea77e6ac9de340e5d7c2e56ce5ff6162fb"
          }
        },
        {
          "client_id": "280485617864-s6aodgutnpji7ra9317t590eamf1ts5f.apps.googleusercontent.com",
          "client_type": 3
        }
      ],
      "api_key": [
        {
          "current_key": "AIzaSyBq7jnIo-5ULL0hkp69DC-AJ-6r95SvrL4"
        }
      ],
      "services": {
        "appinvite_service": {
          "other_platform_oauth_client": [
            {
              "client_id": "280485617864-s6aodgutnpji7ra9317t590eamf1ts5f.apps.googleusercontent.com",
              "client_type": 3
            }
          ]
        }
      }
    }
  ],
  "configuration_version": "1"
}